{"__symbolic":"module","version":1,"metadata":{"TranslateService":{"__symbolic":"class","decorators":[{"__symbolic":"call","expression":{"__symbolic":"reference","module":"@angular/core","name":"Injectable"}}],"members":{"__ctor__":[{"__symbolic":"constructor","parameterDecorators":[null,[{"__symbolic":"call","expression":{"__symbolic":"reference","module":"@angular/core","name":"Optional"}}]],"parameters":[{"__symbolic":"reference","name":"TranslateLoader"},{"__symbolic":"reference","name":"MissingTranslationHandler"}]}],"setDefaultLang":[{"__symbolic":"method"}],"getDefaultLang":[{"__symbolic":"method"}],"use":[{"__symbolic":"method"}],"getTranslation":[{"__symbolic":"method"}],"setTranslation":[{"__symbolic":"method"}],"getLangs":[{"__symbolic":"method"}],"addLangs":[{"__symbolic":"method"}],"updateLangs":[{"__symbolic":"method"}],"getParsedResult":[{"__symbolic":"method"}],"get":[{"__symbolic":"method"}],"instant":[{"__symbolic":"method"}],"set":[{"__symbolic":"method"}],"changeLang":[{"__symbolic":"method"}],"reloadLang":[{"__symbolic":"method"}],"resetLang":[{"__symbolic":"method"}],"getBrowserLang":[{"__symbolic":"method"}]}}}}